order,key,name_en,name_zh,cost,rarity,effect_summary,config
1,j_joker,Joker,小丑,2,Common,,{mult = 4}
2,j_greedy_joker,Greedy Joker,贪婪小丑,5,Common,,"{extra = {s_mult = 4, suit = 'Diamonds'}}"
3,j_lusty_joker,Lusty Joker,色欲小丑,5,Common,,"{extra = {s_mult = 4, suit = 'Hearts'}}"
4,j_wrathful_joker,Wrathful Joker,暴怒小丑,5,Common,,"{extra = {s_mult = 4, suit = 'Spades'}}"
5,j_gluttenous_joker,Gluttonous Joker,暴食小丑,5,Common,,"{extra = {s_mult = 4, suit = 'Clubs'}}"
6,j_jolly,Jolly Joker,开心小丑,3,Common,"+8 倍率, 若出牌中包含 对子 (Pair)","{t_mult = 8, type = 'Pair'}"
7,j_zany,Zany Joker,古怪小丑,4,Common,"+12 倍率, 若出牌中包含 三条 (Three of a Kind)","{t_mult = 12, type = 'Three of a Kind'}"
8,j_mad,Mad Joker,疯狂小丑,4,Common,"+20 倍率, 若出牌中包含 四条 (Four of a Kind)","{t_mult = 20, type = 'Four of a Kind'}"
9,j_crazy,Crazy Joker,狂野小丑,4,Common,"+12 倍率, 若出牌中包含 顺子 (Straight)","{t_mult = 12, type = 'Straight'}"
10,j_droll,Droll Joker,滑稽小丑,4,Common,"+10 倍率, 若出牌中包含 同花 (Flush)","{t_mult = 10, type = 'Flush'}"
11,j_sly,Sly Joker,奸诈小丑,3,Common,"+50 筹码, 若出牌中包含 对子 (Pair)","{t_chips = 50, type = 'Pair'}"
12,j_wily,Wily Joker,狡猾小丑,4,Common,"+100 筹码, 若出牌中包含 三条 (Three of a Kind)","{t_chips = 100, type = 'Three of a Kind'}"
13,j_clever,Clever Joker,聪敏小丑,4,Common,"+150 筹码, 若出牌中包含 四条 (Four of a Kind)","{t_chips = 150, type = 'Four of a Kind'}"
14,j_devious,Devious Joker,阴险小丑,4,Common,"+100 筹码, 若出牌中包含 顺子 (Straight)","{t_chips = 100, type = 'Straight'}"
15,j_crafty,Crafty Joker,精明小丑,4,Common,"+80 筹码, 若出牌中包含 同花 (Flush)","{t_chips = 80, type = 'Flush'}"
16,j_half,Half Joker,半张小丑,5,Common,,"{extra = {mult = 20, size = 3}}"
17,j_stencil,Joker Stencil,模具小丑,8,Uncommon,,{}
18,j_four_fingers,Four Fingers,四指,7,Uncommon,,{}
19,j_mime,Mime,哑剧演员,5,Uncommon,,{extra = 1}
20,j_credit_card,Credit Card,信用卡,1,Common,,{extra = 20}
21,j_ceremonial,Ceremonial Dagger,仪式匕首,6,Uncommon,,{mult = 0}
22,j_banner,Banner,旗帜,5,Common,,{extra = 40}
23,j_mystic_summit,Mystic Summit,神秘之峰,5,Common,,"{extra = {mult = 15, d_remaining = 0}}"
24,j_marble,Marble Joker,大理石小丑,6,Uncommon,,{extra = 1}
25,j_loyalty_card,Loyalty Card,积分卡,5,Uncommon,,"{extra = {Xmult = 4, every = 5, remaining = ""5 remaining""}}"
26,j_8_ball,8 Ball,八号球,5,Common,,{extra= 2}
27,j_misprint,Misprint,错印小丑,4,Common,,"{extra = {max = 23, min = 0}}"
28,j_dusk,Dusk,黄昏,5,Uncommon,,{extra = 1}
29,j_raised_fist,Raised Fist,致胜之拳,5,Common,,{}
30,j_chaos,Chaos the Clown,混沌小丑,4,Common,,{extra = 1}
31,j_fibonacci,Fibonacci,斐波那契,7,Uncommon,,{extra = 8}
32,j_steel_joker,Steel Joker,钢铁小丑,7,Uncommon,,{extra = 0.25}
33,j_scary_face,Scary Face,恐怖面孔,4,Common,,{extra = 30}
34,j_abstract,Abstract Joker,抽象小丑,4,Common,,{extra = 3}
35,j_delayed_grat,Delayed Gratification,延迟满足,4,Common,,{extra = 2}
36,j_hack,Hack,烂脱口秀演员,6,Uncommon,,{extra = 1}
37,j_pareidolia,Pareidolia,幻视,5,Uncommon,,{}
38,j_gros_michel,Gros Michel,格罗斯·米歇尔,5,Common,,"{extra = {odds = 4, mult = 15}}"
39,j_even_steven,Even Steven,偶数史蒂文,4,Common,,{extra = 4}
40,j_odd_todd,Odd Todd,奇数托德,4,Common,,{extra = 30}
41,j_scholar,Scholar,学者,4,Common,,"{extra = {mult = 4, chips = 20}}"
42,j_business,Business Card,名片,4,Common,,{extra = 2}
43,j_supernova,Supernova,超新星,5,Common,,{extra = 1}
44,j_ride_the_bus,Ride the Bus,搭乘巴士,6,Common,,{extra = 1}
45,j_space,Space Joker,太空小丑,5,Uncommon,,{extra = 4}
46,j_egg,Egg,鸡蛋,4,Common,,{extra = 3}
47,j_burglar,Burglar,窃贼,6,Uncommon,,{extra = 3}
48,j_blackboard,Blackboard,黑板,6,Uncommon,,{extra = 3}
49,j_runner,Runner,跑步选手,5,Common,,"{extra = {chips = 20, chip_mod = 10}}"
50,j_ice_cream,Ice Cream,冰淇淋,5,Common,,"{extra = {chips = 100, chip_mod = 5}}"
51,j_dna,DNA,DNA,8,Rare,,{}
52,j_splash,Splash,飞溅,3,Common,,{}
53,j_blue_joker,Blue Joker,蓝色小丑,5,Common,,{extra = 2}
54,j_sixth_sense,Sixth Sense,第六感,6,Rare,,{}
55,j_constellation,Constellation,星座,6,Uncommon,,"{extra = 0.1, Xmult = 1}"
56,j_hiker,Hiker,徒步者,5,Uncommon,,{extra = 4}
57,j_faceless,Faceless Joker,无面小丑,4,Common,,"{extra = {dollars = 5, faces = 3}}"
58,j_green_joker,Green Joker,绿色小丑,4,Common,,"{extra = {hand_add = 1, discard_sub = 1}}"
59,j_superposition,Superposition,叠加态,4,Common,,{}
60,j_todo_list,To Do List,待办清单,4,Common,,"{extra = {dollars = 5, poker_hand = 'High Card'}}"
61,j_cavendish,Cavendish,卡文迪许香蕉,4,Common,,"{extra = {odds = 1000, Xmult = 3}}"
62,j_card_sharp,Card Sharp,老千小丑,6,Uncommon,,{extra = {Xmult = 3}}
63,j_red_card,Red Card,红牌,5,Common,,{extra = 3}
64,j_madness,Madness,疯狂,7,Uncommon,,{extra = 0.5}
65,j_square,Square Joker,方形小丑,5,Common,,"{extra = {chips = 16, chip_mod = 4}}"
66,j_seance,Seance,通灵,7,Rare,,{extra = {poker_hand = 'Straight Flush'}}
67,j_riff_raff,Riff-raff,乌合之众,4,Common,,{extra = 2}
68,j_vampire,Vampire,吸血鬼,7,Uncommon,,"{extra = 0.2, Xmult = 1}"
69,j_shortcut,Shortcut,捷径,7,Uncommon,,{}
70,j_hologram,Hologram,全息影像,7,Uncommon,,"{extra = 0.25, Xmult = 1}"
71,j_vagabond,Vagabond,流浪者,6,Uncommon,,{extra = 3}
72,j_baron,Baron,男爵,8,Rare,,{extra = 1.5}
73,j_cloud_9,Cloud 9,九霄云外,6,Uncommon,,{extra = 1}
74,j_rocket,Rocket,火箭,6,Uncommon,,"{extra = {dollars = 1, increase = 2}}"
75,j_obelisk,Obelisk,方尖石塔,8,Rare,,"{extra = 0.2, Xmult = 1}"
76,j_midas_mask,Midas Mask,迈达斯面具,6,Uncommon,,{}
77,j_luchador,Luchador,斗士,5,Uncommon,,{}
78,j_photograph,Photograph,照片,5,Common,,{extra = 2}
79,j_gift,Gift Card,礼品卡,6,Uncommon,,{extra = 1}
80,j_turtle_bean,Turtle Bean,海龟豆,6,Uncommon,,"{extra = {h_size = 5, h_mod = 1}}"
81,j_erosion,Erosion,腐蚀,6,Uncommon,,{extra = 4}
82,j_reserved_parking,Reserved Parking,私人车位,6,Uncommon,,"{extra = {odds = 2, dollars = 1}}"
83,j_mail,Mail-In Rebate,邮件回执,4,Common,,{extra = 3}
84,j_to_the_moon,To the Moon,冲向月球,5,Uncommon,,{extra = 1}
85,j_hallucination,Hallucination,幻觉,4,Common,,{extra = 2}
86,j_fortune_teller,Fortune Teller,占卜师,6,Common,,{extra = 1}
87,j_juggler,Juggler,杂耍师,4,Common,,{h_size = 1}
88,j_drunkard,Drunkard,醉汉,4,Common,,{d_size = 1}
89,j_stone,Stone Joker,石头小丑,6,Uncommon,,{extra = 25}
90,j_golden,Golden Joker,黄金小丑,6,Common,,{extra = 4}
91,j_lucky_cat,Lucky Cat,招财猫,6,Uncommon,,"{Xmult = 1, extra = 0.2}"
92,j_baseball,Baseball Card,棒球卡,8,Rare,,{extra = 1.5}
93,j_bull,Bull,斗牛,6,Uncommon,,{extra = 2}
94,j_diet_cola,Diet Cola,再来一瓶,6,Uncommon,,{}
95,j_trading,Trading Card,集换卡,5,Uncommon,,{extra = 3}
96,j_flash,Flash Card,闪卡,5,Uncommon,,"{extra = 2, mult = 0}"
97,j_popcorn,Popcorn,爆米花,5,Common,,"{mult = 20, extra = 4}"
98,j_trousers,Spare Trousers,备用裤子,6,Uncommon,,{extra = 2}
99,j_ancient,Ancient Joker,古老小丑,8,Rare,,{extra = 1.5}
100,j_ramen,Ramen,拉面,6,Uncommon,,"{Xmult = 2, extra = 0.01}"
101,j_walkie_talkie,Walkie Talkie,对讲机,4,Common,,"{extra = {chips = 10, mult = 4}}"
102,j_selzer,Seltzer,苏打水,6,Uncommon,,{extra = 10}
103,j_castle,Castle,城堡,6,Uncommon,,"{extra = {chips = 0, chip_mod = 3}}"
104,j_smiley,Smiley Face,微笑表情,4,Common,,{extra = 4}
105,j_campfire,Campfire,篝火,9,Rare,,{extra = 0.5}
106,j_ticket,Golden Ticket,黄金门票,5,Common,,{extra = 3}
107,j_mr_bones,Mr. Bones,骷髅先生,5,Uncommon,,{}
108,j_acrobat,Acrobat,杂技演员,6,Uncommon,,{extra = 3}
109,j_sock_and_buskin,Sock and Buskin,喜与悲,6,Uncommon,,{extra = 1}
110,j_swashbuckler,Swashbuckler,侠盗,4,Common,,{mult = 1}
111,j_troubadour,Troubadour,游吟诗人,6,Uncommon,,"{extra = {h_size = 2, h_plays = -1}}"
112,j_certificate,Certificate,证书,6,Uncommon,,{}
113,j_smeared,Smeared Joker,模糊小丑,7,Uncommon,,{}
114,j_throwback,Throwback,回溯,6,Uncommon,,{extra = 0.25}
115,j_hanging_chad,Hanging Chad,悬空查德,4,Common,,{extra = 1}
116,j_rough_gem,Rough Gem,璞玉,7,Uncommon,,{extra = 1}
117,j_bloodstone,Bloodstone,血石,7,Uncommon,,"{extra = {odds = 3, Xmult = 2}}"
118,j_arrowhead,Arrowhead,箭头,7,Uncommon,,{extra = 50}
119,j_onyx_agate,Onyx Agate,缟玛瑙,7,Uncommon,,{extra = 8}
120,j_glass,Glass Joker,玻璃小丑,6,Uncommon,,"{extra = 0.5, Xmult = 1}"
121,j_ring_master,Showman,马戏团长,5,Uncommon,,{}
122,j_flower_pot,Flower Pot,花盆,6,Uncommon,,{extra = 3}
123,j_blueprint,Blueprint,蓝图,10,Rare,,{}
124,j_wee,Wee Joker,“小”丑,8,Rare,,"{extra = {chips = 10, chip_mod = 8}}"
125,j_merry_andy,Merry Andy,快乐安迪,7,Uncommon,,"{d_size = 3, h_size = -1}"
126,j_oops,Oops! All 6s,六六大顺,4,Uncommon,,{}
127,j_idol,The Idol,偶像,6,Uncommon,,{extra = 2}
128,j_seeing_double,Seeing Double,双重视角,6,Uncommon,,{extra = 2}
129,j_matador,Matador,斗牛士,7,Uncommon,,{extra = 8}
130,j_hit_the_road,Hit the Road,上路,8,Rare,,{extra = 0.5}
131,j_duo,The Duo,二重奏,8,Rare,,"{Xmult = 2, type = 'Pair'}"
132,j_trio,The Trio,三重奏,8,Rare,,"{Xmult = 3, type = 'Three of a Kind'}"
133,j_family,The Family,一家人,8,Rare,,"{Xmult = 4, type = 'Four of a Kind'}"
134,j_order,The Order,秩序,8,Rare,,"{Xmult = 3, type = 'Straight'}"
135,j_tribe,The Tribe,部落,8,Rare,,"{Xmult = 2, type = 'Flush'}"
136,j_stuntman,Stuntman,特技演员,6,Uncommon,,"{extra = {h_size = 2, chip_mod = 300}}"
137,j_invisible,Invisible Joker,隐形小丑,10,Rare,,{extra = 3}
138,j_brainstorm,Brainstorm,头脑风暴,10,Rare,,{}
139,j_satellite,Satellite,卫星,6,Uncommon,,{extra = 1}
140,j_shoot_the_moon,Shoot the Moon,射中月亮,5,Common,,{extra = 13}
141,j_drivers_license,Driver's License,驾照,7,Rare,,{extra = 3}
142,j_cartomancer,Cartomancer,卡牌术士,6,Uncommon,,{}
143,j_astronomer,Astronomer,天文学家,8,Uncommon,,{}
144,j_burnt,Burnt Joker,烧焦小丑,6,Uncommon,,"{h_size = 0, extra = 4}"
145,j_bootstraps,Bootstraps,提靴带,7,Uncommon,,"{extra = {mult = 2, dollars = 5}}"
146,j_caino,Caino,卡尼奥,20,Legendary,,{extra = 1}
147,j_triboulet,Triboulet,特里布莱,20,Legendary,,{extra = 2}
148,j_yorick,Yorick,约里克,20,Legendary,,"{extra = {xmult = 5, discards = 23}}"
149,j_chicot,Chicot,希科,20,Legendary,,{}
150,j_perkeo,Perkeo,佩尔科欧,20,Legendary,,{}
