Joker,Priority,P,S,H,I,O,D,N/A
To Do List,1,+$,,,,,,
Space Joker,1,!!,,,,,,
DNA,1,!!,,,,,,
Midas Mask,1,!!,,,,,,
Greedy Joker,2,,+m,,,,,
Lusty Joker,2,,+m,,,,,
Wrathful Joker,2,,+m,,,,,
Gluttonous Joker,2,,+m,,,,,
8 Ball,2,,!!,,,,,
Fibonacci,2,,+m,,,,,
Even Steven,2,,+m,,,,,
Smiley Face,2,,+m,,,,,
Onyx Agate,2,,+m,,,,,
Scary Face,2,,+c,,,,,
Odd Todd,2,,+c,,,,,
Hiker,2,,+c,,,,,
Arrowhead,2,,+c,,,,,
Scholar,2,,++,,,,,
Walkie Talkie,2,,++,,,,,
Business Card,2,,+$,,,,,
Golden Ticket,2,,+$,,,,,
Rough Gem,2,,+$,,,,,
Seltzer,2,,...,,,,,ᛣ
Photograph,2,,Xm,,,,,
Ancient Joker,2,,Xm,,,,,
Bloodstone,2,,Xm,,,,,
The Idol,2,,Xm,,,,,
Triboulet,2,,Xm,,,,,
Dusk,2,,...,,,,,
Hack,2,,...,,,,,
Sock and Buskin,2,,...,,,,,
Hanging Chad,2,,...,,,,,
Raised Fist,3,,,+m,,,,
Shoot the Moon,3,,,+m,,,,
Reserved Parking,3,,,+$,,,,
Baron,3,,,Xm,,,,
Mime,3,,,...,,,,
Joker,4,,,,+m,,,
Jolly Joker,4,,,,+m,,,
Zany Joker,4,,,,+m,,,
Mad Joker,4,,,,+m,,,
Crazy Joker,4,,,,+m,,,
Droll Joker,4,,,,+m,,,
Half Joker,4,,,,+m,,,
Ceremonial Dagger,4,,,,+m,,,↑↑
Mystic Summit,4,,,,+m,,,
Misprint,4,,,,+m,,,
Abstract Joker,4,,,,+m,,,↑↓
Gros Michel,4,,,,+m,,,ᛣ?
Supernova,4,,,,+m,,,↑↑
Red Card,4,,,,+m,,,↑↑
Erosion,4,,,,+m,,,↑↓
Fortune Teller,4,,,,+m,,,↑↑
Flash Card,4,,,,+m,,,↑↑
Popcorn,4,,,,+m,,,↓↓ ᛣ
Swashbuckler,4,,,,+m,,,
Bootstraps,4,,,,+m,,,↑↓
Sly Joker,4,,,,+c,,,
Wily Joker,4,,,,+c,,,
Clever Joker,4,,,,+c,,,
Devious Joker,4,,,,+c,,,
Crafty Joker,4,,,,+c,,,
Banner,4,,,,+c,,,
Ice Cream,4,,,,+c,,,↓↓ ᛣ
Blue Joker,4,,,,+c,,,↑↓
Stone Joker,4,,,,+c,,,↑↓
Bull,4,,,,+c,,,↑↓
Stuntman,4,,,,+c,,,
Matador,4,,,,+$,,,
Superposition,4,,,,!!,,,
Séance,4,,,,!!,,,
Vagabond,4,,,,!!,,,
Joker Stencil,4,,,,Xm,,,↑↓
Loyalty Card,4,,,,Xm,,,
Steel Joker,4,,,,Xm,,,↑↓
Blackboard,4,,,,Xm,,,
Constellation,4,,,,Xm,,,↑↑
Cavendish,4,,,,Xm,,,ᛣ?
Card Sharp,4,,,,Xm,,,
Madness,4,,,,Xm,,,↑↑
Hologram,4,,,,Xm,,,↑↑
Campfire,4,,,,Xm,,,↑↓
Acrobat,4,,,,Xm,,,
Throwback,4,,,,Xm,,,↑↑
Glass Joker,4,,,,Xm,,,↑↑
Flower Pot,4,,,,Xm,,,
Seeing Double,4,,,,Xm,,,
The Duo,4,,,,Xm,,,
The Trio,4,,,,Xm,,,
The Family,4,,,,Xm,,,
The Order,4,,,,Xm,,,
The Tribe,4,,,,Xm,,,
Driver's License,4,,,,Xm,,,ᛇ
Canio,4,,,,Xm,,,↑↑
Baseball Card,5,,,,,Xm,,
Faceless Joker,6,,,,,,+$,
Mail-In Rebate,6,,,,,,+$,
Trading Card,6,,,,,,+$,
Burnt Joker,6,,,,,,!!,
Credit Card,7,,,,,,,+$
Delayed Gratification,7,,,,,,,+$
Egg,7,,,,,,,+$
Cloud 9,7,,,,,,,+$
Rocket,7,,,,,,,+$
Gift Card,7,,,,,,,+$
To the Moon,7,,,,,,,+$
Golden Joker,7,,,,,,,+$
Satellite,7,,,,,,,+$
Four Fingers,7,,,,,,,!!
Marble Joker,7,,,,,,,!!
Chaos the Clown,7,,,,,,,!!
Pareidolia,7,,,,,,,!!
Burglar,7,,,,,,,!!
Splash,7,,,,,,,!!
Sixth Sense,7,,,,,,,!!
Riff-Raff,7,,,,,,,!!
Shortcut,7,,,,,,,!!
Luchador,7,,,,,,,!!
Turtle Bean,7,,,,,,,!! ᛣ
Hallucination,7,,,,,,,!!
Juggler,7,,,,,,,!!
Drunkard,7,,,,,,,!!
Diet Cola,7,,,,,,,!!
Mr. Bones,7,,,,,,,!! ᛇ
Troubadour,7,,,,,,,!!
Certificate,7,,,,,,,!!
Smeared Joker,7,,,,,,,!!
Showman,7,,,,,,,!!
Merry Andy,7,,,,,,,!!
Oops! All 6s,7,,,,,,,!!
Invisible Joker,7,,,,,,,!! ᛇ
Cartomancer,7,,,,,,,!!
Astronomer,7,,,,,,,!!
Chicot,7,,,,,,,!!
Perkeo,7,,,,,,,!!
Blueprint,0,,,,,,,!!
Brainstorm,0,,,,,,,!!
Ride the Bus,Mixed,↑↓,,,+m,,,
Green Joker,Mixed,↑↑,,,+m,,↓↓,
Spare Trousers,Mixed,↑↑,,,+m,,,
Runner,Mixed,↑↑,,,+c,,,
Square Joker,Mixed,↑↑,,,+c,,,
Castle,Mixed,,,,+c,,↑↑,
Wee Joker,Mixed,,↑↑,,+c,,,
Vampire,Mixed,↑↑,,,Xm,,,
Obelisk,Mixed,↑↓,,,Xm,,,
Lucky Cat,Mixed,,↑↑,,Xm,,,
Ramen,Mixed,,,,Xm,,↓↓,
Hit the Road,Mixed,,,,Xm,,↑↓,
Yorick,Mixed,,,,Xm,,ᛇ,
