Language,Buffoon Pack,Jumbo Buffoon Pack,Mega Buffoon Pack,Notes
Chinese (Simplified),小丑包,巨型小丑包,超级小丑包,
Chinese (Traditional),丑角禮包,特大丑角禮包,超級丑角禮包,
Dutch,Lolbroekenpakket,Jumbo Lolbroekenpakket,Mega Lolbroekenpakket,
French,Paquet Bouffon,Paquet Jumbo Bouffon,Paquet Méga-Bouffon,
German,Clownspaket,Riesiges Clownspaket,Mega-Clownspaket,
Indonesian,Buffoon Pack,Jumbo Buffoon Pack,Mega Buffoon Pack,
Italian,Busta buffone,Busta buffone jumbo,Busta buffone mega,
Japanese,道化師パック,ジャンボ道化師パック,メガ道化師パック,
Korean,어릿광대 팩,점보 어릿광대 팩,메가 어릿광대 팩,
Polish,Paczka pajaca,Olbrzymia paczka pajaca,Megapaczka pajaca,
Portuguese (Brazilian),Pacote Bufão,Pacote Bufão Jumbo,Pacote Bufão Mega,
Russian,Набор шута,Набор шута Джамбо,Меганабор шута,
Spanish (Spain),Paquete de bufón,Paquete de bufón jumbo,Paquete de bufón mega,
Spanish (Latin America),Paquete de bufón,Paquete de bufón jumbo,Paquete de bufón mega,
