Language,Name,Notes
Internal,b_spectral_cards,
Chinese (Simplified),幻灵牌,
Chinese (Traditional),幻靈牌,
Dutch,Spectrale kaarten,
French,Cartes Spectrales,
German,Geister-Karten,"Literally: 'spirit/ghost-cards'. The German name of the cards emphasise their connection to the Ghost Deck, as both use 'Geist' in their translation."
Indonesian,Kartu Spectral,
Italian,Carte Spettrali,
Japanese,スペクトルカード,
Korean,유령 카드,
Polish,Karty Ducha,
Portuguese (Brazilian),Cartas Espectrais,
Russian,Спектральные карты,
Spanish (Spain),Cartas espectrales,
Spanish (Latin America),Cartas espectrales,
